Prénom, Nom
Élodie,Charest
Bernard,Dubé
Marianne,Vachon-Paquette
Jean,Soucy-Bergeron
Alice-Christelle,Raymond
Lorraine-Pauline,Brassard
Guillaume,Laliberté
Vincent,Provencher
Béatrice,Mathieu
Thérèse,Brunet
Alexandre,Dion
Marcel,Jacques-Lussier
Aurélie,Roberge
Michelle,Ménard
Alain,Gélinas-Dupont
Louis,Jean
Geneviève,Beaudry
Nicole,Dupuis
Olivier-René,Lavoie
Nicolas,Bisson
Claudine,Daigle-Plourde
Roger,Provencher-Gendron
Simone,Mercier
Danielle,Tanguay-Tessier
Victor,Audet
Arthur,St-Onge
Thomas,Bernard
Alexis,Bédard
Grégoire,Lemay-Séguin
Olivier-Édouard,Boisvert
Jeanne-Maryse,Béland
Benjamin,Cormier
David,Beaudoin
Maude-Mélanie,Lamontagne
Emmanuel,Bertrand
Émile-Étienne,Dion
Grégoire,Archambault-Lapointe
Céline,Carrier
Lucas,Dumas
Lucas-Marc,Gravel
Marguerite-Béatrice,Marchand
Émile,Larivière
Manon,Lavallée
Kevin,Marchand
Nathan,Bertrand
Jérôme,Pilon
Louis,Drolet
Élodie-Christelle,Bélisle
Jules-Luc,Boucher
William,Labelle
Sarah,Cyr
Amélie,Chartrand-Allard
Bernard,Perreault
Bertrand,Pouliot
Virginie,Fortin
Constance,Tremblay
Étienne,Couture
Joséphine,Breton
Maude,Boisvert
Marguerite,Charest
Frédéric,Martin
Victor-Louis,Thibodeau
Louise,Lambert
Zoé-Claire,Duchesne
Audrey-Claude,Dufresne
René,Larivière
Mathieu,Pépin
Jules,Beaudoin
Océane,Perreault-Legault
Margaret,Béland
Sarah,Boisvert
Josette,Pilon
Diane,Veilleux
Benoît,Demers
Michel-François,Lapierre
Mathieu,Poirier
Françoise,Houle
Jérôme,Simard
Lucas-Julien,Durand
Clémence,Lalonde-Charron
Marcel-Zacharie,Gélinas
Valérie,Sirois
Anaïs,Marcotte-Trottier
Mathieu,Boudreau
Louise,Lussier
Pas de publication, Pas sur le site Web
Julie,Fontaine-Lavoie
Gilles,Laplante
Louise,Brisson
Gilles,Bertrand-Poulin
Laetitia,Houde
Constance-Caroline,Jean
Marie,Jean-Blais
Sébastien,Brisson
François,Lavigne-Caron
Julie,Brunet
Gilbert,Marchand
Astrid,Gagnon
Denise,Larocque
Jean,Létourneau
Lucie-Isabelle,Tremblay
Danielle-Zoé,Richer
Lucy,Picard
Thérèse,Picard
Charlotte,Boulanger
Maxime-Zacharie,St-Pierre
Édith,Poulin
Agnès-Astrid,Blais
Claude,Rivard
Alain,Labonté
Mathilde,Lachance
Véronique,Cloutier
Cécile,Guillemette-St-Jean
Jessica,Simard
Samuel,Lafontaine
Michel,Bérubé
Tristan,Arsenault
Nathalie,Chartrand
William,Laplante
Patrick,Doucet
Tristan,Audet
Édith,Paradis
Paulette,Dupuis-Larouche
Emma,Lefebvre
Pauline,Drouin-Dionne
François,Lalonde
David,Lemire
Xavier,Ménard-Massé
Vincent,Racine
Jacques-Jules,Piché
Paulette,Béland
Colette,Boudreau
Zoé,Smith
Lucie,Archambault-Nguyen
Hortense,Chabot-Paradis
Gilbert,Soucy
Geneviève-Camille,Bolduc
Anne-Charlotte,Martin
Arthur,Poirier
Xavier,Deschênes
Jonathan,Allard
Béatrice,Bélisle
Nicolas,Desrochers-St-Jean
Marcel,Forget
Lucas,Boudreau
Nathalie,Larouche
Guy,Bilodeau-Laliberté
Denis,Poirier
Thérèse,Fournier
Vanessa,Ferland
Josette,Pépin
Martin-Vincent,Leduc
Camille-Monique,Boulanger
Élisabeth,Demers
Geneviève,Lemire
David,Lamontagne
Laurie-Hélène,Lavigne
Célina,Mercier
Odette,Lapointe
Vincent-Étienne,Desrosiers
Samuel,Marcotte-Michaud
Tristan,Maltais-Thibault
Gabriel,Desrochers
René,Giguère
Vincent,Gervais
Dorothée-Juliette,Bélanger
Claude-Renée,Chouinard
Geneviève,Lalonde
Constance,Germain
Maurice,Charette
Laurent,Émond
Marcel,Paradis-Lafontaine
Dorothée,Beauregard-Piché
Arthur,Forget
Marcel-Grégoire,Paré
Georges,Perreault
Juliette,Charest
Jeannine,Bergeron
Florence,Paré
Nicolas,Lebel
Timothée-Sébastien,Lavallée
Guy,Bélanger
Jacques-Mathieu,Tremblay
Victor,Hamel
Christelle,Forget
Aurélie,Lafontaine
Frédérique,Simard
Claude,Lacroix
Michelle,Michaud
Henri,Croteau
Isabelle-Florence,Lemieux
Anouk,Provencher-Dubois
Michel-Éric,Lévesque
Grégoire,Delisle
David,Dubois
Amélie,Rivard
Vincent,Maltais
Édith,Rioux
Laurence,St-Pierre
Maurice,Vincent
Alex,Pilon
Richard,Racine
Mathieu,Roberge-Roberge
Xavier-André,Gendron
Charles,Archambault
Alexandra,Richard
Lucie-Dorothée,Houle
Roger,Gervais
Timothée,Piché
Véronique-Édith,Croteau
Isabelle,Tremblay
Catherine,Bédard
Édouard,Pelletier-Gendron
Hugues,Beaudry
Zacharie-Alain,Fortier
Maurice-Emmanuel,Bertrand
Geneviève,Beaudry
Gérard,Laplante
Luc,Daigle-Charette
Roland-Xavier,Gagnon
Laurent-Pierre,Landry
Denise,Laliberté
Mathilde,Couture
Brigitte,Vachon
Étienne-Luc,Raymond
Paul,Allard-Boisvert
Lorraine,Desjardins
Anaïs,Rodrigue-Perron
Charlotte,Mathieu
Hélène,Dupuis
Michel,Lafontaine
Nathalie,Caron
Noémie,Dufresne-Fournier
Christiane,Desbiens
Patrick,Pilon
Joséphine,Martel
Benjamin,Savard
Maryse,Charron
Théodore,Robitaille
Gérard,Labbé
Jean,Cormier
Nicolas,Veilleux
Juliette,Bisson
Luc,Nadeau
Clémence,Lapierre
Philippe-Grégoire,Racine
Juliette,Paquette
Michelle,Benoît
Richard-Jérôme,Dubois
Benoît,Noël
Stéphane,Desrochers
René-Gilles,Durand
Noémie,Lussier
Henriette,Vincent
Guillaume,Perreault
Claudine,Guillemette
Charlotte-Louise,Plante
Raphaël,Bertrand
Océane,Breton
Édouard,Germain
Alexandre,Forget-St-Pierre
Charlotte,Landry
Stéphane,Renaud-Paquette
Anne-Élise,Piché
Élise,Savard
Anne,Lavigne-Larose
Céline,Robitaille
Astrid,Potvin
Roger,Couture
Maryse,Plourde
William,Rioux
Christine,Charest
Astrid,Goulet
Zoé,Lamoureux
Hortense,Lapierre
Aurore,Beauchamp
Emma,Villeneuve
Laurent-Jean,Forget
Éric,Beauchamp
William,Morissette
Xavier,Breton
Jean,Fréchette
Daniel,Martineau
Martin-Laurent,Langlois
Laurence,Prévost
Thomas,Lavallée
Claude,Coulombe
William-Denis,Simard
Christelle,Larocque
Alex-Nathalie,Paquette
Timothée,Dumas
Jonathan,Hamel
Noémie,St-Jean-Dumas
Alexis,Drouin
Colette,Leduc
Élisabeth,Fortier
Thomas,Turcotte-Desrochers
Andrée,Labonté
Noémie,Poulin
Lucy,Marchand
Vincent,Asselin-Robitaille
Jérôme,Perron
Joseph,Parent-Robert
Sarah-Camille,Potvin
Louise,Richer
Sylvie,St-Onge
Camille,Landry
Laurence,Racine
Nathan,Rivard
Renée,Patel
Frédérique,Beaulieu-Côté
Bernard,Blouin
Roger,Tanguay-Desrosiers
Frédéric,St-Jean-Lemieux
Émilie,Blais
Michèle-Lucie,Marchand
Pauline,Paré
Jean,Breton
Claire,Dallaire
Nicolas,Goulet
Stéphane,Ménard
Jacqueline,Therrien-Tardif
Rémy,Laliberté
Richard,Brisson
Sylvie-Thérèse,Trépanier
Bernard-Daniel,Fortier
Élisabeth,Couture
Julie,Lepage-Blouin
Philippe-Nathan,Lemieux
Pierre,Lamontagne
Valérie,Dubois-Turgeon
Gérard,Nguyen
Hélène,Laflamme
Dominique,Duval
Mathieu,Fontaine
Françoise,Bégin-Paré
André,Boucher
Béatrice,Lambert
Benoît,Beauregard
Claude,Jean
André,Villeneuve-Brunet
Manon,Pépin
Alexandre,Poirier
Aurélie,Martel-Gélinas
Marcelle,Charest
Rémy,Duval
Marcel,Beaudoin
Éric,Laflamme-Noël
Thérèse,Laliberté
Élodie,Dallaire
Nathan,Hébert
Michel,Fortier
Maxime,Girard-Fréchette
Luc,Couture
Benoît,Lussier-Blouin
Raymond,Michaud
Charlotte,Morin
Jeanne,Guillemette
Jeanne,Harvey
Benoît,Pépin
Alexis,Bédard
Jessica,Soucy
Marcel,Houde
Émile,Duguay-Bilodeau
Jules,Veilleux
Xavier,Arsenault
Charlotte,Duval
Théodore,Cloutier-Duval
Christiane,Beaulieu
Julien,Bélisle
Vincent,Charette
René,Sirois
Mélanie,Trudel-Croteau
Zacharie,Renaud
Pauline-Dominique,Therrien
Jessica,Desrochers
Maryse,Duval-Roberge
Richard,Dumont
Lorraine,Larivière
Jules,Moreau
Maxime,Duguay
Laurence,Potvin
Christelle,Audet
Béatrice-Chantal,Bilodeau
Florence,Marchand
Rémy,Laflamme
Marc,Pépin-Houde
Manon,Blanchette
Alex,Bélisle
Emmanuel,Lamontagne
Maxime,Cormier
Catherine,Beauregard
Isabelle,Marchand
Jérôme,Proulx
Sarah-Zoé,Champagne
Anaïs,Boutin
Brigitte,Patel
Élise,Vallée-Lemay
Marcel,Blais
Marcel,Tardif
Amélie,Mathieu
David-Arthur,Maltais
Margaret,Laroche
Alexis,Lafontaine
Laurie,Thibault
Bertrand,Rioux
Jessica,Dallaire
Claudine,Charron
Catherine,Lacroix-Proulx
Josette,Bolduc-Duguay
Véronique,Houle
Élisabeth,Dumas
Gilles,Brunet
Mathilde,Gervais
Joseph,Gagné
Michel,Rioux-Beaudoin
Thomas-Gilbert,Patel
Étienne,Vaillancourt
Théodore,Charest
Vanessa,Rioux
Karine,Lemieux-Émond
Geneviève,Marcoux
William,Gaudreault
Guy-Roger,Raymond
Louis,Duguay
Noémie,Martin
Nicolas,Vézina
Daniel,Martineau
Yves,Brisson
Claude,Girard
Stéphane,Bisson
Roland,Fillion-Lavoie
Raphaël,Houle
Vanessa,Coulombe
Roger,Roberge
Georges,Bernard
Guillaume,Boutin
Karine,Houde
Renée,Breton-Laflamme
Philippe,Duguay
Élisabeth,Jean
Guy-Thomas,Lefebvre
Christine,Picard
Sébastien,Charbonneau
Éléonore,Mathieu
Philippe,Dallaire
Vanessa,Paradis
Rémy,Nguyen-Duval
Nicolas,Renaud-Duguay
Robert,Rivard
Colette,Rivard-Plante
Louis,Labonté
Céline,Cormier
Jean,Simard
Julien,Dufour
Antoine,Marcotte
Pénélope,Boutin
Édouard,Patel
Danielle,Laflamme
Charlotte,Patel
Emmanuel,Champagne
Pauline,Chabot
Frédéric,Lavoie
Alice,Renaud
Cécile-Stéphanie,Robert
Nicolas,Vaillancourt
Valérie,Trottier-Thibodeau
Marianne,Piché
Gabriel,Gagnon
Louis-Roger,Gendron
Marcelle,Laflamme-Thibault
Nathan,Leclerc
Céline,Giroux
Philippe,Gagnon
Célina,Beauregard-Duguay
Raphaël,Chartrand
Marcel,Brisson
Valérie,Prévost
Martin,Ferland
Susanne,Boivin
Gilbert,Lemire
Rémy,Lapierre-Guay
Manon-Danielle,St-Pierre
Célina,Beaulieu
Théodore,Langlois-Bédard
Jessica,Bégin
René,Dupont
Émile,Chartrand
Élisabeth-Claudine,Tardif
Alexandre,Larouche
Agnès,Cyr
Antoine,Boily-Sirois
Raphaël,Dubé
Robert,Lapierre-Villeneuve
Noël,Lacasse
Alice,Legault
Samuel,Lachance-Giroux
David,Cyr
Georges,Leclerc
Bertrand,Michaud
Constance-Pauline,Champagne
Emma,Auger
Gilbert,Dubé
Élisabeth,Hébert
Mathieu,Lemieux-Morissette
Philippe,Dumont
Paul,Sirois
Jessica-Pauline,Bégin
Charlotte,Roy
David,Labonté
Alex,Thériault
Monique,Bergeron
Nathalie,Guillemette
Renée,Bilodeau
Henri,Archambault
Juliette,Séguin
Louis,Piché
Mélanie,Émond-Mathieu
Aurore,Trudel
Marcel,Proulx
Patrick,Martineau
René,Lachance
Camille,Jean
Pierre,Labrecque
Camille,Villeneuve
Joseph,Bouchard
Susanne,Trépanier
Olivia-Claude,Boudreau
Renée,Rousseau
Roland,Larivière-Leduc
Danielle,Ménard
Manon,Béland
François-Jonathan,Bélanger
Zacharie,Thibault
Claudine,Guay
Tristan,Gravel-Larose
Georges,Lavallée
Constance,Gaudreault
Clémence,Proulx
Sébastien,Turgeon
Alain,Lapointe
Alexis,Goulet
Audrey,Benoît
Vanessa,Larose
Rémy,Langlois
Dominique,Tessier
Aurore,Breton
Rosalie,Gingras-Villeneuve
Éléonore,Bertrand
Grégoire,Beauregard-Girard
Arthur,Lepage
Henri,Marchand
Timothée,Desjardins
André-René,Tardif
David,Allard
Virginie,Delisle-Bélisle
Aurore,Simard
Rémy,Charette
Nathan,Fillion
Audrey,Lachance
Étienne,Asselin
Richard-Gilles,Simard
David,Bergeron
Philippe,Émond
Claudine,Blanchette
Joseph,Tessier
Laurent,Fréchette-Girard
Maryse,Laliberté
Jonathan,Vincent
Alexandre,Guillemette
Pierre,Rioux-Leduc
Vincent,Martel
Sylvie,Lévesque-Fortier
Jean,Lacasse
André-Marcel,Côté
Henri,Bédard-Lemire
Laurie,Duguay
Nicolas,Bisson
Patrick,Bédard
Édouard,Tanguay
Michel,Charest
Maurice,Soucy
Mathilde,Dufresne
Guy,Turgeon-Trudel
Édith,Roy
Alexandre,Vachon
Jules-Hugues,Sirois
Astrid,Caron
Amélie,Hébert
Laurence,Rivard
Élodie,Desrochers
Roger,Morin
Zoé,Rousseau
Sarah,Chouinard
Manon,Giguère
Marcelle,Archambault-Vézina
Jérôme,Tremblay-Thériault
Laurent-Raphaël,Godin
Pauline,Croteau
Kevin,Morissette
Maurice,Vézina-Vaillancourt
André,Dupuis
David,Gravel
Martine,Brunet
Julien,Létourneau
Benjamin,Cormier-Beaudoin
Andrée,Labbé
Samuel,Fortier
Alexandre,Audet
Sylvie,Bertrand-Provost
Antoine,Thibault
Zacharie-Gilles,Goulet
Catherine-Maude,Daigle
Catherine-Danielle,Gaudreault
Camille,Paré
Amélie,Doucet
Gabrielle-Martine,Thibodeau
Lucie,Brassard-Cormier
Raphaël,Patel
Lucy,Fillion
Louis,Denis
Audrey,Bertrand-Roberge
Arthur,Larivière
Claudine,Charbonneau
Lucas,Mathieu
Anaïs,St-Laurent-Racine
Jérôme,Delisle
Manon,Allard-Michaud
Mathieu,Croteau
Noémie-Patricia,Lamontagne
Jacques,Larouche-Côté
Aurélie-Valérie,Smith
David-Guillaume,Lambert
Sylvie,Savard
Bertrand,Gosselin
Nathalie,Labbé
Denise,Roberge
Geneviève,Girard
Jacques,Hébert-Lapierre
René,Beaudry
Mathieu,Larouche
Marie,Béland
Thérèse-Virginie,Rivard
Maxime-René,Pépin
Philippe,Potvin
Geneviève-Hélène,Lessard
Rosalie-Audrey,Gagné
Xavier,Paradis
Vincent,Simard
Denis,Champagne
Colette-Margaret,Dallaire
Susanne,Létourneau
Colette,Demers
Sébastien,Asselin
Zacharie,Boucher
Guillaume,Lacroix-Gervais
Sébastien-Bertrand,Beaulieu
Vincent,Maltais-Paradis
Gabrielle,Cormier
Stéphanie,Rousseau
Marcelle,Paquette
Robert,Brassard
Benoît,Dubois
Bernard,Boulanger
Jacqueline,Charest
Vincent,Provost
Théodore,Racine
Amélie,Hamel
Élisabeth-Vanessa,Girard
Zacharie-Gérard,Rousseau
Lucas,Bergeron
Christine,Gervais
Émilie,Audet
Roger,Tremblay
Monique,Lemieux
André,Renaud
Yves,Patel-Forget
Luc,Létourneau
Michel,Duguay
Denis,Martineau
Céline,Thibodeau
Antoine-Joseph,Bélisle
Michelle,Giroux
Julien-Nathan,Émond
Yves,Blouin-Lessard
Victor,Lamoureux
Mathieu,Leblanc
Audrey,Trottier
Alexandra-Pénélope,Lapierre
Hugues,Lafontaine
Lucie,Desrosiers-Lamoureux
Caroline,Desjardins
Jonathan,Grenier
Arthur,Lamontagne
Luc,Laroche-Lussier
Sophie,Létourneau
Mathieu,Lacroix
Maxime-Nicolas,Vallée
Clémence,Dumont
Christiane,Beaudry
Emmanuelle,Gendron
Arthur,Archambault
Julien,Laplante
Emmanuel,Veilleux
Mathilde,Martel
Joséphine,Dubé
Philippe,Trottier
Maxime,Smith
Denise,Grégoire
Vanessa,Gauthier
Renée,Dubois-Morin
Laetitia,Cormier
Chantal,Létourneau
Grégoire,Trudel
Kevin,Girard
Danielle,Lapierre
Marguerite,Laroche
Thérèse,Ménard
Frédéric-Olivier,Lacroix
Roland,Carrier
Michelle,Lebel-Dumas
Jonathan,Noël
Claudine,Delisle
Timothée-William,Langlois
Émile,Lachapelle
Clémence,Dufresne-Forget
Olivia,Gendron
Stéphanie,Trudel-Boulanger
Chantal,Bertrand
Isabelle,Larouche
Martine,Boucher-Beaudry
Stéphane,Ouellet
Jules,Caron
Xavier,Champagne
Denis,Bérubé
Noël,Cyr
William,Labrecque
Grégoire,Lachance
Rémy,Larocque
Mathilde,Savoie
Roger,Dupont
Alexis,Allard
Julie,Béland-Gravel
Thomas,Lachapelle
Thérèse,Brisson
Danielle,Lauzon
Samuel,Lebel
Mathilde,Audet
Patricia,Maltais
Françoise,Fortier
Diane,Tessier
Rémy,Dion
Philippe,Martel
Margot,Gosselin
Raphaël,Desjardins
Guy,Larose
Guillaume,Plourde
Lorraine,Archambault
Marcel,Lacasse
Martine,Delisle
Théodore-Kevin,Lavigne
Noël,Fréchette
Marcelle,Lambert
Véronique,Arsenault
Susanne-Gabrielle,Audet
Denise,St-Pierre
Gilles,Langlois
Pauline,Tanguay-Charest
Guy,St-Laurent
Frédérique,Boudreau
Rosalie,Dumont-Vincent
Cécile,Beaudry
Gabrielle,Gilbert
Nicole,Harvey
Xavier,Charette
René-Tristan,Dufour
Hélène,Rioux
Jessica,Marcotte
William,Landry
Alexis,Arsenault
Alexandre,Émond
Laurie,Paradis
Virginie,Brunet-Pépin
Christiane-Rosalie,Piché
Samuel,Bilodeau
Pauline,Morissette
Jean,Houle
Roland,Larivière
Nathalie,Leclerc
Diane,Sirois
Émilie,Dubois
Jean,Bilodeau-Bilodeau
Alain-Paul,Duguay
Laetitia,Champagne
Célina,Larivière
Martin,Lavallée
Timothée,Therrien-Gagnon
Océane,Savoie
Margaret,Séguin
Henri,Bélisle
Agnès,Lavallée-Boulanger
Véronique,Lambert-Brassard
Gilbert,Smith
Maude,Durand
Édouard,Grenier
Sophie,Larivière
André,Paré-Dallaire
Aurore,Boudreau
Laurie,Audet
Richard,Racine
Arthur,Vachon
Maude,Nguyen-Boulanger
Roland,Lalonde-Laliberté
Michèle-Sarah,Leduc
Dominique,Gervais
Jean,Guillemette
Vanessa,Drolet
Clémence,Veilleux
Frédérique,Jean
Richard,Piché
Alexandra,Turgeon
Nathan,Vincent
Daniel,Tessier
Célina,Labbé
Antoine,Delisle
Gabrielle,Chouinard
Marcelle,Larivière-Allard
Christine-Odette,Bernier
Raphaël,Laplante
Michèle,Lemire
Alice,Thibault-Brassard
Alexandre,Rioux
André,Robitaille
Claude,Provencher
Gilles,Duval
Marie,Goulet
Alice,Gagné-Tremblay
Clémence,Labrecque-Lefebvre
Céline-Pénélope,Massé
Sophie,Brassard
Grégoire,Lafontaine
Paul,Michaud
Gilles,Tardif
Olivier,Blais
Jonathan,Lemieux
Samuel-Paul,Fréchette
Raymond,Lemire
Guillaume,Larouche
Antoine,Turgeon
Édith,Drolet-Lefebvre
Arthur,Blais
Claire,Vallée
Alexandre-Henri,Lavoie
Gabriel,Perron
Henri-Grégoire,Plante
Hélène,Côté
Michelle,Pilon
Thérèse,Boudreau
Daniel,Rodrigue
Noël,Boily
Gabriel,Morin-St-Jean
Kevin-Emmanuel,Goulet
François,Larocque
Laurent-Thomas,Charbonneau
Emma-Élise,Pépin
Rémy,Lacroix-Cormier
Georges-Pierre,Gosselin
Christine,Bernier
Vincent,Beauregard-Marcotte
Jacqueline,Rodrigue
Virginie,Paradis
Dominique-Claire,Tardif
Joseph,Gravel
Nathalie-Michèle,Lachance
Frédéric,Houde
Louis,Moreau
Caroline-Clémence,Gervais
Yves,Daigle
Emma,Larose
Patricia,Bergeron-Michaud
Patricia-Astrid,Turgeon
Robert,Chartrand
Édouard,Boivin
Renée,Smith-Blais
Zacharie,Bégin
Sarah-Aurore,Richer
Gabriel,Veilleux
Maurice,Cyr-Lambert
Jacques,Duval
Jacques,Dubé
Nathalie,Tessier
Juliette,Beaulieu
Alain,Ferland-Labelle
Raymond,Lussier-Charbonneau
Frédérique,Arsenault-Trudel
Cécile,Lamoureux
Maxime-Georges,Leduc
Vincent,Charbonneau
Thérèse,Caron
Marc,Caron
Véronique,Bertrand
François,Girard-Villeneuve
Laurie,St-Jean
Laurent,St-Jean
Olivia,Grenier
Aurélie-Caroline,Bilodeau
Gabriel-Pierre,St-Jean
André,Pouliot
Agnès,Dubois
Nicole,Houle-Tremblay
Mélanie-Andrée,Delisle
Jeanne,Therrien
Odette,Michaud
François,Boisvert
Julien,Carrier-Richer
Nathalie,Lacroix
Alexis,Desrosiers
Gabriel,Boudreau
Lorraine,Leblanc
Victor,Paquette
Louis,Legault
René,Roy
Isabelle,Pépin
Luc,Paradis-Michaud
Luc,Lavigne
Noémie-Agnès,Soucy
Emmanuel,Doucet
Nicolas,Drolet
Vincent,Fréchette
René,Dubois
Richard,Caron
Jacqueline-Nathalie,Jacques
Gilles,Labbé-Larouche
Chantal,Dufresne
Juliette,Gingras
Véronique,Larivière-Chartrand
Philippe,Tanguay
Patrick-Raymond,Coulombe
Mathieu,Auger
Jules,Desjardins
Susanne-Juliette,Robert
André,Marchand
Élise,Jean
Constance,Larose-Poulin
Noël,St-Jean-Plante
Benoît,Séguin
Raymond,Racine
Tristan,Tanguay-Racine
David,Paré
Nicolas,Bergeron
Édouard,Auger
Jean,St-Onge
Gérard-Nathan,Deschênes
Caroline-Alex,Bédard
Alexandre,Séguin
Monique,Dubé
Daniel,Vézina-Boucher
Noël,Denis
Catherine,Lavigne
Noël,Brisson
Maude,Lamontagne
Joseph-Nicolas,Lamontagne
Hélène,Larouche
Christiane-Denise,Breton
Frédéric,Durand
Nathan,Patel
Henri,Fréchette
Laurie,Brunet
Jonathan,Laliberté
Jules,Richer
Hortense-Olivia,Provencher
Mélanie,Savard
Roger,Hamel
Christiane-Frédérique,Tessier
Samuel,Beaudoin
Raymond,Mercier-Langlois
Sébastien,Gagné
Théodore,Dupont
Gérard,Desjardins
Joseph,Godin
Élisabeth,Guillemette
Pierre-Julien,Gauthier
Marie,Charbonneau
Élisabeth-Henriette,Guay
Rémy,Richer
Valérie,Couture
Cécile,Vallée-Laliberté
Agnès,Couture
Louise,Jean
Martin,Duchesne-Perreault
Michèle-Michelle,Paré
Brigitte,Tessier
Hélène,Pouliot
Jeanne,Lachapelle
Anouk,Tanguay
Célina,Brisson
Véronique,Duval
Alexis-Richard,Lacasse
Richard,Lachance
Dominique,Ménard
Aurore,Lemay
